-- =============================================================
--  BizFlow Platform — Script nạp dữ liệu thực tế
--  Áp dụng cho Tenant: 11111111-1111-1111-1111-111111111111 ("Cua Hang Tap Hoa Binh Minh")
--  Kết nối: Host=localhost | Port=5432 | DB=bizflow_db | User=postgres
-- =============================================================

-- -------------------------------------------------------------
-- 1. Dọn dẹp dữ liệu cũ của Tenant 11111111-1111-1111-1111-111111111111 để tránh trùng lặp khi chạy lại
-- -------------------------------------------------------------
DELETE FROM accounting_entries WHERE "TenantId" = '11111111-1111-1111-1111-111111111111';
DELETE FROM debt_transactions WHERE "TenantId" = '11111111-1111-1111-1111-111111111111';
DELETE FROM inventory_transactions WHERE "TenantId" = '11111111-1111-1111-1111-111111111111';
DELETE FROM order_items WHERE "OrderId" IN (SELECT "Id" FROM orders WHERE "TenantId" = '11111111-1111-1111-1111-111111111111');
DELETE FROM orders WHERE "TenantId" = '11111111-1111-1111-1111-111111111111';
DELETE FROM customers WHERE "TenantId" = '11111111-1111-1111-1111-111111111111';
DELETE FROM product_units WHERE "ProductId" IN (SELECT "Id" FROM products WHERE "TenantId" = '11111111-1111-1111-1111-111111111111');
DELETE FROM products WHERE "TenantId" = '11111111-1111-1111-1111-111111111111';
DELETE FROM categories WHERE "TenantId" = '11111111-1111-1111-1111-111111111111';

-- -------------------------------------------------------------
-- 2. Nạp Danh mục sản phẩm (categories)
-- -------------------------------------------------------------
INSERT INTO categories ("Id", "TenantId", "Name") VALUES
(1, '11111111-1111-1111-1111-111111111111', 'Tạp hóa'),
(2, '11111111-1111-1111-1111-111111111111', 'Sữa & Bánh kẹo'),
(3, '11111111-1111-1111-1111-111111111111', 'Bia & Nước giải khát'),
(4, '11111111-1111-1111-1111-111111111111', 'Vật liệu xây dựng')
ON CONFLICT ("Id") DO UPDATE SET "Name" = EXCLUDED."Name";

-- Thiết lập lại giá trị tự tăng (Sequence) cho Category
SELECT setval('"categories_Id_seq"', COALESCE((SELECT max("Id") FROM categories), 1));

-- -------------------------------------------------------------
-- 3. Nạp Sản phẩm (products)
-- -------------------------------------------------------------
INSERT INTO products ("Id", "TenantId", "CategoryId", "Code", "Name", "Description", "BaseUnit") VALUES
('55555555-5555-5555-5555-111111111111', '11111111-1111-1111-1111-111111111111', 3, 'TIGER001', 'Bia Tiger', 'Bia Tiger lon xanh 330ml', 'Lon'),
('55555555-5555-5555-5555-222222222222', '11111111-1111-1111-1111-111111111111', 2, 'ONGTHO001', 'Sữa đặc Ông Thọ', 'Sữa đặc có đường Ông Thọ hộp thiếc 380g', 'Hộp'),
('55555555-5555-5555-5555-333333333333', '11111111-1111-1111-1111-111111111111', 4, 'XMHATIEN', 'Xi măng Hà Tiên', 'Xi măng Portland hỗn hợp PCB40 Hà Tiên', 'Bao'),
('55555555-5555-5555-5555-444444444444', '11111111-1111-1111-1111-111111111111', 3, 'COCA001', 'Nước ngọt Coca-Cola', 'Nước ngọt Coca-Cola lon 320ml', 'Lon'),
('55555555-5555-5555-5555-555555555555', '11111111-1111-1111-1111-111111111111', 1, 'HAOHAO001', 'Mì Hảo Hảo Tôm Chua Cay', 'Mì ăn liền Hảo Hảo hương vị Tôm Chua Cay', 'Gói');

-- -------------------------------------------------------------
-- 4. Nạp Đơn vị tính quy đổi (product_units)
-- -------------------------------------------------------------
INSERT INTO product_units ("Id", "ProductId", "UnitName", "ConversionRate", "Price", "IsDefault") VALUES
(1, '55555555-5555-5555-5555-111111111111', 'Lon', 1, 18000.00, TRUE),
(2, '55555555-5555-5555-5555-111111111111', 'Thùng', 24, 420000.00, FALSE),
(3, '55555555-5555-5555-5555-222222222222', 'Hộp', 1, 25000.00, TRUE),
(4, '55555555-5555-5555-5555-222222222222', 'Lốc', 6, 145000.00, FALSE),
(5, '55555555-5555-5555-5555-333333333333', 'Bao', 1, 90000.00, TRUE),
(6, '55555555-5555-5555-5555-444444444444', 'Lon', 1, 10000.00, TRUE),
(7, '55555555-5555-5555-5555-444444444444', 'Lốc', 6, 58000.00, FALSE),
(8, '55555555-5555-5555-5555-444444444444', 'Thùng', 24, 225000.00, FALSE),
(9, '55555555-5555-5555-5555-555555555555', 'Gói', 1, 4500.00, TRUE),
(10, '55555555-5555-5555-5555-555555555555', 'Thùng', 30, 130000.00, FALSE);

-- Thiết lập lại giá trị tự tăng (Sequence) cho Product Unit
SELECT setval('"product_units_Id_seq"', COALESCE((SELECT max("Id") FROM product_units), 1));

-- -------------------------------------------------------------
-- 5. Nạp Khách hàng thân thiết (customers)
--    Chú Ba có dư nợ gốc 5.2M + thêm nợ mua đơn hàng 1,001,000đ = 6,201,000đ
--    Cô Tư có dư nợ 1.5M (thanh toán chuyển khoản nên không thay đổi công nợ)
--    Anh Năm không có dư nợ
-- -------------------------------------------------------------
INSERT INTO customers ("Id", "TenantId", "Fullname", "Phone", "Address", "TotalDebt") VALUES
('99999999-9999-9999-9999-333333333333', '11111111-1111-1111-1111-111111111111', 'Chú Ba', '0901234567', '123 Đường 3/2, Quận 10', 6201000.00),
('99999999-9999-9999-9999-444444444444', '11111111-1111-1111-1111-111111111111', 'Cô Tư', '0918765432', '456 CMT8, Quận 3', 1500000.00),
('99999999-9999-9999-9999-555555555555', '11111111-1111-1111-1111-111111111111', 'Anh Năm', '0987654321', '789 Điện Biên Phủ, Bình Thạnh', 0.00);

-- -------------------------------------------------------------
-- 6. Nạp Số dư công nợ ban đầu (debt_transactions)
-- -------------------------------------------------------------
INSERT INTO debt_transactions ("Id", "TenantId", "CustomerId", "OrderId", "Type", "Amount", "Note", "CreatedAt") VALUES
('88888888-8888-8888-8888-111111111111', '11111111-1111-1111-1111-111111111111', '99999999-9999-9999-9999-333333333333', NULL, 'Increase', 5200000.00, 'Dư nợ đầu kỳ', '2026-06-01 08:00:00'),
('88888888-8888-8888-8888-222222222222', '11111111-1111-1111-1111-111111111111', '99999999-9999-9999-9999-444444444444', NULL, 'Increase', 1500000.00, 'Dư nợ đầu kỳ', '2026-06-01 08:00:00');

-- -------------------------------------------------------------
-- 7. Nhập kho ban đầu (inventory_transactions)
-- -------------------------------------------------------------
INSERT INTO inventory_transactions ("Id", "TenantId", "ProductId", "Type", "Quantity", "Note", "CreatedAt", "CreatedBy") VALUES
(gen_random_uuid(), '11111111-1111-1111-1111-111111111111', '55555555-5555-5555-5555-111111111111', 'Import', 500, 'Nhập hàng đầu kỳ', '2026-06-01 09:00:00', 'aaaabbbb-cccc-dddd-eeee-444455556666'),
(gen_random_uuid(), '11111111-1111-1111-1111-111111111111', '55555555-5555-5555-5555-222222222222', 'Import', 120, 'Nhập hàng đầu kỳ', '2026-06-01 09:00:00', 'aaaabbbb-cccc-dddd-eeee-444455556666'),
(gen_random_uuid(), '11111111-1111-1111-1111-111111111111', '55555555-5555-5555-5555-333333333333', 'Import', 100, 'Nhập hàng đầu kỳ', '2026-06-01 09:00:00', 'aaaabbbb-cccc-dddd-eeee-444455556666'),
(gen_random_uuid(), '11111111-1111-1111-1111-111111111111', '55555555-5555-5555-5555-444444444444', 'Import', 600, 'Nhập hàng đầu kỳ', '2026-06-01 09:00:00', 'aaaabbbb-cccc-dddd-eeee-444455556666'),
(gen_random_uuid(), '11111111-1111-1111-1111-111111111111', '55555555-5555-5555-5555-555555555555', 'Import', 1500, 'Nhập hàng đầu kỳ', '2026-06-01 09:00:00', 'aaaabbbb-cccc-dddd-eeee-444455556666');

-- -------------------------------------------------------------
-- 8. Nạp Hóa đơn mẫu phát sinh trong ca của thu ngân hôm nay (2026-06-14)
-- -------------------------------------------------------------
INSERT INTO orders ("Id", "TenantId", "CustomerId", "CreatedBy", "TotalAmount", "PaymentMethod", "Status", "OrderSource", "CreatedAt") VALUES
('77777777-7777-7777-7777-111111111111', '11111111-1111-1111-1111-111111111111', NULL, 'aaaabbbb-cccc-dddd-eeee-777788889999', 234000.00, 'Cash', 'Completed', 'Manual', '2026-06-14 10:00:00'),
('77777777-7777-7777-7777-222222222222', '11111111-1111-1111-1111-111111111111', '99999999-9999-9999-9999-444444444444', 'aaaabbbb-cccc-dddd-eeee-777788889999', 420000.00, 'Transfer', 'Completed', 'Manual', '2026-06-14 11:30:00'),
('77777777-7777-7777-7777-333333333333', '11111111-1111-1111-1111-111111111111', '99999999-9999-9999-9999-333333333333', 'aaaabbbb-cccc-dddd-eeee-777788889999', 1001000.00, 'Debt', 'Completed', 'Manual', '2026-06-14 14:15:00');

-- Chi tiết các hóa đơn mẫu (order_items)
INSERT INTO order_items ("Id", "OrderId", "ProductId", "ProductUnitId", "Quantity", "UnitPrice", "TotalPrice", "CreatedAt") VALUES
-- Đơn hàng 1: 10 Bia Tiger Lon + 12 Mì Hảo Hảo Gói = 180,000đ + 54,000đ = 234,000đ
(gen_random_uuid(), '77777777-7777-7777-7777-111111111111', '55555555-5555-5555-5555-111111111111', 1, 10, 18000.00, 180000.00, '2026-06-14 10:00:00'),
(gen_random_uuid(), '77777777-7777-7777-7777-111111111111', '55555555-5555-5555-5555-555555555555', 9, 12, 4500.00, 54000.00, '2026-06-14 10:00:00'),

-- Đơn hàng 2: 1 Thùng Bia Tiger = 420,000đ
(gen_random_uuid(), '77777777-7777-7777-7777-222222222222', '55555555-5555-5555-5555-111111111111', 2, 1, 420000.00, 420000.00, '2026-06-14 11:30:00'),

-- Đơn hàng 3: 2 Lốc Sữa đặc Ông Thọ (12 hộp) + 7 Bao Xi măng Hà Tiên + 18 Gói Mì Hảo Hảo = 290,000đ + 630,000đ + 81,000đ = 1,001,000đ
(gen_random_uuid(), '77777777-7777-7777-7777-333333333333', '55555555-5555-5555-5555-222222222222', 4, 2, 145000.00, 290000.00, '2026-06-14 14:15:00'),
(gen_random_uuid(), '77777777-7777-7777-7777-333333333333', '55555555-5555-5555-5555-333333333333', 5, 7, 90000.00, 630000.00, '2026-06-14 14:15:00'),
(gen_random_uuid(), '77777777-7777-7777-7777-333333333333', '55555555-5555-5555-5555-555555555555', 9, 18, 4500.00, 81000.00, '2026-06-14 14:15:00');

-- -------------------------------------------------------------
-- 9. Trừ tồn kho tương ứng với các hóa đơn mẫu (inventory_transactions - Export)
-- -------------------------------------------------------------
INSERT INTO inventory_transactions ("Id", "TenantId", "ProductId", "Type", "Quantity", "Note", "CreatedAt", "CreatedBy") VALUES
(gen_random_uuid(), '11111111-1111-1111-1111-111111111111', '55555555-5555-5555-5555-111111111111', 'Export', 10, 'Xuất kho bán hàng đơn #77777777-1111', '2026-06-14 10:00:00', 'aaaabbbb-cccc-dddd-eeee-777788889999'),
(gen_random_uuid(), '11111111-1111-1111-1111-111111111111', '55555555-5555-5555-5555-555555555555', 'Export', 12, 'Xuất kho bán hàng đơn #77777777-1111', '2026-06-14 10:00:00', 'aaaabbbb-cccc-dddd-eeee-777788889999'),
(gen_random_uuid(), '11111111-1111-1111-1111-111111111111', '55555555-5555-5555-5555-111111111111', 'Export', 24, 'Xuất kho bán hàng đơn #77777777-2222', '2026-06-14 11:30:00', 'aaaabbbb-cccc-dddd-eeee-777788889999'),
(gen_random_uuid(), '11111111-1111-1111-1111-111111111111', '55555555-5555-5555-5555-222222222222', 'Export', 12, 'Xuất kho bán hàng đơn #77777777-3333', '2026-06-14 14:15:00', 'aaaabbbb-cccc-dddd-eeee-777788889999'),
(gen_random_uuid(), '11111111-1111-1111-1111-111111111111', '55555555-5555-5555-5555-333333333333', 'Export', 7, 'Xuất kho bán hàng đơn #77777777-3333', '2026-06-14 14:15:00', 'aaaabbbb-cccc-dddd-eeee-777788889999'),
(gen_random_uuid(), '11111111-1111-1111-1111-111111111111', '55555555-5555-5555-5555-555555555555', 'Export', 18, 'Xuất kho bán hàng đơn #77777777-3333', '2026-06-14 14:15:00', 'aaaabbbb-cccc-dddd-eeee-777788889999');

-- -------------------------------------------------------------
-- 10. Ghi nhận giao dịch công nợ phát sinh từ đơn hàng Ghi nợ (debt_transactions)
-- -------------------------------------------------------------
INSERT INTO debt_transactions ("Id", "TenantId", "CustomerId", "OrderId", "Type", "Amount", "Note", "CreatedAt") VALUES
('88888888-8888-8888-8888-333333333333', '11111111-1111-1111-1111-111111111111', '99999999-9999-9999-9999-333333333333', '77777777-7777-7777-7777-333333333333', 'Increase', 1001000.00, 'Mua nợ đơn hàng #77777777-3333', '2026-06-14 14:15:00');

-- -------------------------------------------------------------
-- 11. Ghi sổ nhật ký chung TT88 (accounting_entries) cho các hóa đơn hôm nay
-- -------------------------------------------------------------
INSERT INTO accounting_entries ("Id", "TenantId", "TransactionDate", "DocumentType", "DocumentRefId", "AccountCategory", "Amount", "Description") VALUES
(gen_random_uuid(), '11111111-1111-1111-1111-111111111111', '2026-06-14 10:00:00', 'Sales', '77777777-7777-7777-7777-111111111111', 'Revenue_Goods', 234000.00, 'Bán lẻ thanh toán tiền mặt'),
(gen_random_uuid(), '11111111-1111-1111-1111-111111111111', '2026-06-14 11:30:00', 'Sales', '77777777-7777-7777-7777-222222222222', 'Revenue_Goods', 420000.00, 'Bán cho Cô Tư thanh toán chuyển khoản'),
(gen_random_uuid(), '11111111-1111-1111-1111-111111111111', '2026-06-14 14:15:00', 'Sales', '77777777-7777-7777-7777-333333333333', 'Revenue_Goods', 1001000.00, 'Bán ghi nợ cho Chú Ba');
